{
    "train_loss": [
        0.2790313797770068,
        0.1011765965493396,
        0.07869781897752545,
        0.04631359420600347,
        0.04278841896739323,
        0.03542107590328669,
        0.04401410302452859,
        0.02982251294888556,
        0.031046445851097816,
        0.04243477386771701,
        0.026830723563034554,
        0.012824941954750101,
        0.0229898284545925,
        0.018943998047325293,
        0.02037459229795786
    ],
    "val_loss": [
        0.012346913805231452,
        0.01884621581993997,
        0.007319103204645216,
        0.025528136093635113,
        0.04131600614637136,
        0.012271682044956832,
        0.02192110342439264,
        0.007151501125190407,
        0.026997844292782246,
        0.013276229181792587,
        0.005897419829852879,
        0.00672241126303561,
        0.008275938709266484,
        0.013868416310288012,
        0.00560279234778136
    ],
    "train_acc": [
        0.8958333333333334,
        0.97625,
        0.9808333333333333,
        0.988125,
        0.989375,
        0.9916666666666667,
        0.9895833333333334,
        0.9908333333333333,
        0.9929166666666667,
        0.988125,
        0.9925,
        0.9960416666666667,
        0.9945833333333334,
        0.995,
        0.9958333333333333
    ],
    "val_acc": [
        0.995,
        0.9933333333333333,
        0.9975,
        0.9916666666666667,
        0.985,
        0.9966666666666667,
        0.9925,
        0.9975,
        0.9916666666666667,
        0.9933333333333333,
        0.9991666666666666,
        0.9975,
        0.9975,
        0.995,
        0.9983333333333333
    ]
}