{"accuracy": [0.8291666507720947, 0.9670833349227905, 0.9770833253860474, 0.9789583086967468, 0.9712499976158142, 0.9775000214576721, 0.9806249737739563, 0.9833333492279053, 0.9854166507720947, 0.9829166531562805, 0.9887499809265137, 0.9772916436195374, 0.9804166555404663, 0.9858333468437195, 0.987291693687439], "loss": [0.44611281156539917, 0.12241422384977341, 0.0888102725148201, 0.07938165217638016, 0.09899246692657471, 0.07093539088964462, 0.06844333559274673, 0.060307469218969345, 0.0502583272755146, 0.05370105057954788, 0.03966369852423668, 0.0745917558670044, 0.061558905988931656, 0.048608455806970596, 0.03976690024137497], "val_accuracy": [0.5308333039283752, 0.7058333158493042, 0.8450000286102295, 0.9883333444595337, 0.9933333396911621, 0.9574999809265137, 0.9616666436195374, 0.9925000071525574, 0.9775000214576721, 0.9958333373069763, 0.9850000143051147, 0.9950000047683716, 0.9950000047683716, 0.9950000047683716, 0.9975000023841858], "val_loss": [286.03399658203125, 48.52998352050781, 3.6206181049346924, 0.05234090983867645, 0.02478916384279728, 0.1532585173845291, 0.12132322788238525, 0.021417826414108276, 0.05115481838583946, 0.009364673867821693, 0.04248669743537903, 0.017204202711582184, 0.013753899373114109, 0.014729531481862068, 0.0072153303772211075], "learning_rate": [0.0010000000474974513, 0.0010000000474974513, 0.0010000000474974513, 0.0010000000474974513, 0.0010000000474974513, 0.0010000000474974513, 0.0010000000474974513, 0.0010000000474974513, 0.0010000000474974513, 0.0010000000474974513, 0.0010000000474974513, 0.0010000000474974513, 0.0010000000474974513, 0.00020000000949949026, 0.00020000000949949026]}