{"accuracy": [0.8725000023841858, 0.9595833420753479, 0.9704166650772095, 0.9770833253860474, 0.9772916436195374, 0.9829166531562805, 0.9783333539962769, 0.9858333468437195, 0.9847916960716248, 0.9885416626930237, 0.981249988079071, 0.9822916388511658, 0.9831249713897705, 0.9800000190734863, 0.9839583039283752, 0.98416668176651, 0.9868749976158142, 0.9822916388511658, 0.9816666841506958, 0.9897916913032532], "loss": [0.3699858486652374, 0.14383970201015472, 0.10695303231477737, 0.08051053434610367, 0.07869458943605423, 0.056192874908447266, 0.06525731086730957, 0.04518726095557213, 0.04965820908546448, 0.048180583864450455, 0.05492391064763069, 0.05183722451329231, 0.05001359060406685, 0.06337206810712814, 0.04649965465068817, 0.04409397393465042, 0.04620278254151344, 0.058128438889980316, 0.05927537754178047, 0.03365519270300865], "val_accuracy": [0.5016666650772095, 0.43833333253860474, 0.5366666913032532, 0.6650000214576721, 0.809166669845581, 0.8566666841506958, 0.934166669845581, 0.9383333325386047, 0.9708333611488342, 0.9599999785423279, 0.9666666388511658, 0.8799999952316284, 0.9850000143051147, 0.9833333492279053, 0.987500011920929, 0.9583333134651184, 0.9866666793823242, 0.987500011920929, 0.9916666746139526, 0.9900000095367432], "val_loss": [88.63462829589844, 14.76006031036377, 2.8220043182373047, 1.5079344511032104, 0.49166062474250793, 0.3811088502407074, 0.16680161654949188, 0.1421385109424591, 0.07391832768917084, 0.0995078757405281, 0.09514977782964706, 0.2819643020629883, 0.042039938271045685, 0.048704423010349274, 0.032195448875427246, 0.15681925415992737, 0.04376403987407684, 0.047241393476724625, 0.02216562256217003, 0.028014183044433594], "learning_rate": [0.0010000000474974513, 0.0010000000474974513, 0.0010000000474974513, 0.0010000000474974513, 0.0010000000474974513, 0.0010000000474974513, 0.0010000000474974513, 0.0010000000474974513, 0.0010000000474974513, 0.0010000000474974513, 0.0010000000474974513, 0.0010000000474974513, 0.0010000000474974513, 0.0010000000474974513, 0.0010000000474974513, 0.0010000000474974513, 0.0010000000474974513, 0.0010000000474974513, 0.0010000000474974513, 0.0010000000474974513]}